,name,c2,files,pp_files,forked,c3,no_commits,month_diff,first_commit,last_commit
71,profiles,0.7358490566037735,53,39,0,5.0,5,1,2015-07-27,2015-07-28
72,roles,0.6333333333333333,30,19,0,8.0,8,1,2015-07-27,2015-07-28
73,pmlc_nova,0.55,20,11,0,9.0,9,1,2015-07-27,2015-07-30
93,fuel-plugin-celebrer,0.5,30,15,0,26.0,52,2,2015-12-22,2016-01-27
75,pmlc_neutron,0.5,22,11,0,6.0,6,1,2015-07-27,2015-07-30
103,fuel-plugin-standalone-ceph,0.48,31,15,0,2.92,38,13,2015-10-19,2016-11-07
109,fuel-plugin-external-ceph,0.48,25,12,0,2.33,14,6,2016-03-11,2016-08-22
74,pmlc_cinder,0.4615384615384615,13,6,0,2.0,2,1,2015-07-27,2015-07-27
76,pmlc_keystone,0.4,15,6,0,3.0,3,1,2015-07-27,2015-07-28
78,puppet-deployapp,0.4,25,10,0,2.0,2,1,2015-07-29,2015-07-29
77,puppet-foreman_proxy,0.3478260869565217,69,24,0,5.0,5,1,2015-07-27,2015-07-30
102,fuel-plugin-openldap,0.33,52,17,0,3.0,27,9,2015-09-30,2016-06-07
119,fuel-plugin-lcm,0.3023,129,39,0,3.0,3,1,2016-06-28,2016-06-30
96,fuel-plugin-swift,0.238095238095238,21,5,0,11.0,11,1,2015-07-14,2015-07-30
65,puppet-sudo,0.2307692307692307,39,9,0,3.0,3,1,2015-05-15,2015-05-15
97,fuel-plugin-backup,0.1818181818181818,22,4,0,5.44,49,9,2015-03-24,2015-12-23
94,solar-resources,0.1779661016949152,354,63,0,86.45,951,11,2015-03-27,2016-02-12
48,puppet-savanna,0.1425061425061425,407,58,0,7.0,7,1,2013-07-30,2013-08-28
104,fuel-plugin-etckeeper,0.13,23,3,0,2.25,9,4,2016-02-04,2016-05-13
111,fuel-plugin-vxlan-vlan-7,0.12,16,2,0,2.0,26,13,2016-04-11,2017-05-02
67,solar,0.1139240506329113,553,63,0,253.33,2280,9,2015-03-27,2015-12-11
70,puppet-control-template,0.0714285714285714,42,3,0,18.0,18,1,2015-07-27,2015-07-30
46,fuel-test,0.0634920634920634,126,8,0,12.17,146,12,2013-06-25,2014-06-10
115,ceph,0.0,3527,0,0,313.75,58044,185,2001-04-29,2016-09-28
8,fuelweb,0.0,2,0,0,274.11,5208,19,2012-05-10,2013-11-29
50,fuel-main,0.0,1,0,0,258.42,4910,19,2012-05-10,2013-11-29
38,fuel,0.0,1,0,0,215.55,7113,33,2011-03-22,2013-12-12
144,stepler-draft,0.0,212,0,0,215.33,646,3,2016-09-23,2016-12-01
9,openstack-lbaas,0.0,127,0,0,166.29,1164,7,2012-03-16,2012-10-01
110,mos-horizon,0.0,2301,0,0,162.05,10695,66,2011-01-12,2016-07-07
134,mk-lab-salt-model,0.0,421,0,0,143.6,718,5,2016-09-29,2017-01-31
98,mos-integration-tests,0.0,234,0,0,119.88,1918,16,2015-12-05,2017-03-17
123,ceph-lcm,0.0,989,0,0,105.08,1261,12,2016-07-13,2017-07-11
44,stackalytics,0.0,191,0,0,90.93,4001,44,2013-06-22,2017-01-25
164,kqueen,0.0,129,0,0,90.08,1171,13,2017-09-24,2018-10-01
118,ceph-qa-suite,0.0,1500,0,0,88.05,5547,63,2011-05-18,2016-07-29
99,mos-ci-deployment-scripts,0.0,241,0,0,85.56,1369,16,2015-12-09,2017-03-15
160,telegraf,0.0,750,0,0,83.65,3095,37,2015-04-01,2018-04-07
53,magnetodb,0.0,1,0,0,76.25,305,4,2013-11-12,2014-03-04
35,swift-encrypt,0.0,300,0,0,74.94,2473,33,2010-07-12,2013-03-26
114,northshore,0.0,14802,0,0,73.75,295,4,2016-05-20,2016-09-03
143,reclass-system-salt-model,0.0,2338,0,0,73.41,5139,70,2016-12-01,2022-09-14
116,teuthology,0.0,262,0,0,68.18,4432,65,2011-05-18,2016-09-26
198,k8s-istio-webinar,0.0,53,0,0,67.0,67,1,2019-03-19,2019-04-09
45,fuel-docs,0.0,1,0,0,59.83,359,6,2013-06-25,2013-12-10
125,CloudFerry,0.0,437,0,0,58.76,1998,34,2014-06-26,2017-04-11
225,lens-extension-cc,0.0,194,0,0,55.76,1394,25,2020-11-03,2022-11-28
136,tcp-qa,0.0,454,0,0,55.46,2052,37,2016-10-18,2019-11-14
39,astute,0.0,1,0,0,52.67,474,9,2013-03-15,2013-11-29
3,openstack-dashboard,0.0,272,0,0,52.17,313,6,2011-01-12,2011-06-20
127,virtlet,0.0,536,0,0,51.23,2049,40,2016-08-24,2019-12-04
117,ceph-cm-ansible,0.0,322,0,0,50.0,950,19,2015-03-13,2016-09-23
43,fuelweb-test,0.0,75,0,0,48.6,243,5,2013-05-22,2013-10-07
150,stacklight-salt-model,0.0,69,0,0,48.33,145,3,2017-01-25,2017-04-13
132,stepler,0.0,495,0,0,47.55,1379,29,2016-09-23,2019-02-11
124,k8s-AppController,0.0,232,0,0,45.27,498,11,2016-07-28,2017-06-09
0,openstack-fedora-specs,0.0,53,0,0,43.0,172,4,2011-05-19,2011-09-05
32,openstack-lbaas-cli,0.0,33,0,0,43.0,129,3,2012-06-28,2012-09-21
223,libnetwork,0.0,1848,0,0,41.98,2771,66,2015-02-20,2020-07-22
173,kqueen-ui,0.0,152,0,0,41.75,501,12,2017-10-23,2018-10-02
196,k8s-istio-workshop,0.0,46,0,0,39.0,39,1,2019-02-18,2019-03-07
161,k8s-apps,0.0,1086,0,0,38.0,798,21,2017-03-28,2018-12-17
188,python-operations-api,0.0,42,0,0,37.0,74,2,2018-10-03,2018-11-07
189,react-operations-ui,0.0,49,0,0,37.0,74,2,2018-10-11,2018-11-12
154,mk-pipelines,0.0,115,0,0,33.51,2279,68,2016-12-22,2022-08-15
64,vmware-dvs,0.0,182,0,0,32.0,736,23,2014-11-29,2016-10-04
56,launchpad-reports-summary,0.0,65,0,0,30.38,243,8,2014-08-14,2015-03-27
61,openstack-ha-tests,0.0,24,0,0,30.0,30,1,2015-03-12,2015-03-26
55,lsi-api,0.0,24,0,0,27.5,110,4,2014-04-17,2014-07-17
90,celebrer-agent,0.0,17,0,0,27.5,55,2,2015-11-25,2016-01-16
108,kostyor,0.0,81,0,0,26.42,317,12,2016-04-15,2017-04-04
153,pipeline-library,0.0,56,0,0,26.11,1932,74,2016-09-28,2022-11-24
167,sriov-scheduler,0.0,29,0,0,23.5,47,2,2017-09-22,2017-11-08
106,f2s,0.0,21,0,0,23.2,116,5,2015-11-10,2016-03-17
81,bareon-api,0.0,44,0,0,22.0,44,2,2015-10-06,2015-12-02
128,k8s-devbox,0.0,30,0,0,22.0,66,3,2016-07-15,2016-10-05
129,ccp-pipeline-libs,0.0,7,0,0,21.67,130,6,2016-09-06,2017-02-10
137,k8s-externalipcontroller,0.0,72,0,0,19.62,255,13,2016-10-18,2017-10-24
174,NAC_esc_210,0.0,4,0,0,19.0,19,1,2018-02-05,2018-02-06
135,statkube,0.0,33,0,0,18.0,36,2,2016-10-18,2016-12-08
101,tuning-box,0.0,43,0,0,16.25,65,4,2015-11-26,2016-03-25
58,mos-iso-status,0.0,5,0,0,16.0,16,1,2015-01-28,2015-02-18
69,puppet-bootstrap,0.0,12,0,0,16.0,16,1,2015-07-27,2015-07-28
89,celebrer,0.0,36,0,0,16.0,48,3,2015-11-25,2016-01-26
148,k8s-netchecker-server,0.0,48,0,0,14.85,193,13,2016-12-26,2018-01-02
41,murano-tests,0.0,33,0,0,14.53,494,34,2013-02-04,2015-11-24
179,mirantis-demos,0.0,7,0,0,14.0,14,1,2018-03-21,2018-04-03
168,criproxy,0.0,62,0,0,13.62,177,13,2017-11-18,2018-12-07
95,solar-agent,0.0,12,0,0,13.5,27,2,2015-09-30,2015-11-25
212,magma-argocd-apps,0.0,35,0,0,13.4,67,5,2020-01-20,2020-05-24
227,cri-dockerd,0.0,4736,0,0,12.95,958,74,2016-07-28,2022-09-25
40,devops,0.0,1,0,0,12.3,246,20,2012-05-14,2013-12-17
157,docker-openldap,0.0,96,0,0,11.41,468,41,2013-11-05,2017-03-26
130,ccp-docker-jenkins,0.0,30,0,0,11.2,448,40,2014-07-09,2017-10-11
213,release-openstack-k8s,0.0,70,0,0,10.85,369,34,2020-01-29,2022-11-23
145,whale,0.0,91,0,0,10.75,86,8,2016-11-10,2017-06-30
60,mos-tempest-runner,0.0,34,0,0,10.46,136,13,2015-03-02,2016-03-14
68,air-hockey-robot,0.0,148,0,0,10.33,31,3,2015-04-27,2015-07-16
138,rabbitmq-autocluster,0.0,55,0,0,10.08,252,25,2014-10-06,2016-10-14
158,docker-jenkins,0.0,47,0,0,9.08,472,52,2014-07-09,2018-11-08
226,helm-charts,0.0,15,0,0,9.0,9,1,2020-11-25,2020-11-27
146,bird-containers,0.0,43,0,0,8.8,44,5,2016-11-22,2017-03-30
177,kubernetes-aws-model,0.0,21,0,0,8.67,78,9,2017-05-24,2018-02-06
59,disk_perf_test_tool,0.0,158,0,0,8.33,350,42,2015-01-29,2018-07-17
126,kostyor-cli,0.0,27,0,0,7.82,86,11,2016-06-13,2017-04-24
133,ccp-docker-opencontrail,0.0,15,0,0,7.33,22,3,2016-10-10,2016-12-28
156,docker-phpldapadmin,0.0,23,0,0,7.03,253,36,2014-04-27,2017-03-27
105,mos-components-ci,0.0,151,0,0,7.0,14,2,2016-02-19,2016-04-18
112,fuel-plugin-docs,0.0,29,0,0,6.33,57,9,2016-04-01,2016-12-15
185,training-lab,0.0,46,0,0,6.22,112,18,2018-06-12,2019-12-02
131,ccp-docker-gerrit,0.0,11,0,0,6.21,205,33,2015-01-12,2017-09-19
208,k8srnd-sockshop-user,0.0,46,0,0,6.1,244,40,2016-08-09,2019-11-11
139,compliance,0.0,1018,0,0,6.03,199,33,2016-11-04,2019-07-19
85,vmware-firewall-driver,0.0,14,0,0,6.0,6,1,2015-11-05,2015-11-05
140,kostyor-openstack-ansible,0.0,25,0,0,6.0,24,4,2016-11-15,2017-03-06
159,docker-gerrit,0.0,15,0,0,6.0,222,37,2015-01-12,2018-01-19
197,gh-mass-commentor,0.0,6,0,0,6.0,6,1,2019-03-20,2019-03-26
230,security,0.0,18,0,0,6.0,30,5,2021-11-01,2022-03-31
147,k8s-netchecker-agent,0.0,24,0,0,5.85,76,13,2016-12-19,2018-01-02
204,k8srnd-sockshop-orders,0.0,54,0,0,5.62,90,16,2016-08-10,2017-11-21
169,mcp-common-scripts,0.0,15,0,0,5.25,147,28,2017-11-10,2020-02-12
165,environment-template,0.0,197,0,0,5.08,132,26,2017-09-28,2019-11-01
187,training-lab-salt-model,0.0,44,0,0,4.62,37,8,2018-06-27,2019-02-14
163,cvp-sanity-checks,0.0,64,0,0,4.2,248,59,2017-09-27,2022-08-01
203,k8srnd-sockshop-front-end,0.0,146,0,0,4.18,205,49,2016-08-10,2020-09-07
181,python-aptly,0.0,14,0,0,4.16,133,32,2015-06-17,2018-02-15
142,k8s-daemonupgradecontroller,0.0,1,0,0,4.14,29,7,2016-11-23,2017-06-02
57,certification_tool,0.0,52,0,0,4.1,41,10,2015-01-21,2015-10-26
201,k8srnd-sockshop-carts,0.0,62,0,0,4.1,86,21,2016-08-10,2018-04-27
202,k8srnd-sockshop-catalogue,0.0,63,0,0,4.05,89,22,2016-08-10,2018-06-08
6,osagent,0.0,17,0,0,4.0,4,1,2011-12-19,2011-12-23
63,moscc-cli-smoketest,0.0,2,0,0,4.0,4,1,2015-04-01,2015-04-03
91,celebrer-dashboard,0.0,22,0,0,4.0,4,1,2016-01-26,2016-01-26
113,mos-coverage,0.0,1,0,0,4.0,4,1,2016-04-29,2016-05-04
224,container-cloud-cli,0.0,3,0,0,4.0,4,1,2020-09-04,2020-09-14
205,k8srnd-sockshop-payment,0.0,33,0,0,3.86,81,21,2016-08-10,2018-04-27
121,ceph-monitoring,0.0,54,0,0,3.76,173,46,2015-08-05,2019-05-25
2,openstack-utils,0.0,1,0,0,3.0,3,1,2011-05-26,2011-06-06
80,zabbix-configuration-files,0.0,5,0,0,3.0,3,1,2015-09-02,2015-09-02
151,spaced-armour-tests,0.0,33,0,0,2.67,8,3,2017-01-27,2017-04-03
207,k8srnd-sockshop-shipping,0.0,33,0,0,2.64,58,22,2016-08-10,2018-05-23
79,tools-sustaining,0.0,58,0,0,2.56,69,27,2015-04-03,2017-06-06
231,mcc-on-equinix-terraform-templates,0.0,36,0,0,2.54,33,13,2021-10-15,2022-11-11
206,k8srnd-sockshop-queue-master,0.0,37,0,0,2.5,40,16,2016-08-08,2017-11-21
218,launchpad,0.0,114,0,0,2.41,65,27,2020-05-25,2022-08-08
216,openstack-k8s-virtual-lab,0.0,21,0,0,2.33,7,3,2020-05-05,2020-07-30
184,rally-plugins,0.0,84,0,0,2.17,76,35,2018-05-14,2021-03-30
166,cvp-configuration,0.0,112,0,0,2.08,125,60,2017-11-10,2022-11-08
171,scale-scenarios,0.0,405,0,0,2.06,103,50,2017-12-08,2022-01-19
172,mcp-offline-model,0.0,5,0,0,2.02,125,62,2017-10-16,2022-11-28
37,openstack-lbaas-horizon,0.0,1,0,0,2.0,2,1,2013-03-12,2013-03-12
42,nova-scheduler-volume-affinity-filter,0.0,11,0,0,2.0,4,2,2013-04-02,2013-05-20
47,puppet-heat,0.0,52,0,0,2.0,2,1,2013-07-30,2013-08-16
54,oscp,0.0,100,0,0,2.0,2,1,2014-03-05,2014-04-03
92,python-celebrerclient,0.0,18,0,0,2.0,2,1,2016-01-24,2016-01-24
152,kostyor-fuelccp,0.0,21,0,0,2.0,6,3,2017-01-30,2017-03-30
178,heat-fragments,0.0,15,0,0,2.0,6,3,2017-05-18,2017-08-08
180,docker-aptly,0.0,11,0,0,1.76,44,25,2016-11-30,2018-12-07
175,mcp-local-repo-model,0.0,2,0,0,1.74,68,39,2018-02-19,2021-05-13
186,cvp-spt,0.0,18,0,0,1.71,12,7,2018-06-21,2019-01-15
162,rundeck-cis-jobs,0.0,6,0,0,1.69,27,16,2017-06-05,2018-10-01
233,mcc-api,0.0,3460,0,0,1.33,4,3,2022-04-20,2022-06-22
217,atsea-sample-shop-app,0.0,238,0,0,1.21,46,38,2017-04-20,2020-06-05
234,openstack-refapp,0.0,29,0,0,1.17,35,30,2020-03-31,2022-09-23
1,gosa-openstack,0.0,4,0,0,1.0,1,1,2011-05-24,2011-05-24
51,rally,0.0,2,0,0,1.0,1,1,2013-09-04,2013-09-04
52,fuel-provision,0.0,1,0,0,1.0,1,1,2013-11-06,2013-11-06
62,catalog,0.0,27,0,0,1.0,1,1,2015-04-01,2015-04-01
66,ldaptlssearch,0.0,2,0,0,1.0,1,1,2015-06-16,2015-06-16
141,rpc_monitor,0.0,16,0,0,1.0,1,1,2017-01-17,2017-01-17
155,mos-updates,0.0,1,0,0,1.0,1,1,2017-02-15,2017-02-15
232,mosk-triliovault,0.0,40,0,0,1.0,1,1,2022-03-09,2022-03-09
182,python-flask-hello,0.0,13,0,0,0.85,11,13,2016-06-20,2017-06-30
5,cloudpipe-image-auto-creation,0.0,4,0,0,0.75,3,4,2011-09-15,2011-12-26
214,trailer,0.0,522,0,0,0.71,15,21,2018-06-01,2020-02-25
176,contrail-third-party-cache-fixup,0.0,3,0,0,0.5,5,10,2018-03-23,2019-01-22
209,cna-images,0.0,6,0,0,0.5,3,6,2019-11-26,2020-05-06
195,ip-util-check,0.0,3,0,0,0.49,21,43,2018-10-05,2022-04-21
149,ifmap-python-client,0.0,16,0,0,0.45,26,58,2011-12-27,2016-10-12
191,ucpbackup,0.0,4,0,0,0.38,5,13,2019-04-26,2020-05-05
122,mira-ceph-ansible,0.0,9,0,0,0.29,4,14,2016-07-08,2017-09-07
199,cvp-shaker,0.0,41,0,0,0.28,7,25,2019-02-05,2021-02-24
190,dtrbackup,0.0,3,0,0,0.26,5,19,2018-10-26,2020-05-05
